counts	alpha	v_alpha
1	CAVSMYSGGGADGLTF	TRAV12-2
1	CAVEEDTGRRALTF	TRAV12-2
1	CAVERENQGGKLIF	TRAV12-2
1	CAVNIDNNDMRF	TRAV12-2
1	CAVEYDNQGGKLIF	TRAV12-2
1	CAVNRDGGSQGNLIF	TRAV12-2
1	CAVNRDAGGTSYGKLTF	TRAV12-2
1	CAVSMDTGRRALTF	TRAV12-2
1	CALLSSNTGKLIF	TRAV12-3
1	CAEIGTDKLIF	TRAV5
1	CAEGGGSYIPTF	TRAV5
1	CALSGHDKVIF	TRAV16
1	CAVSDLEPNSSASKIIF	TRAV8-4
1	CAVGSNSGYALNF	TRAV8-3
1	CIPEGRKLTF	TRAV26-1
1	CVVKSDSYIPTF	TRAV12-1
1	CAVKRSNDYKLSF	TRAV21
1	CAPRSSGGYNKLIF	TRAV21
1	CAFPQGAQKLVF	TRAV38-1
1	CASTYSGAGSYQLTF	TRAV38-1
1	CAYSGGNQFYF	TRAV38-1
1	CAYHPGNQFYF	TRAV38-1
1	CASLQNYGGSQGNLIF	TRAV38-1
1	CAWRGGGGADGLTF	TRAV38-1
1	CACVNSGAGSYQLTF	TRAV38-1
1	CAQEDSGAGSYQLTF	TRAV38-1
1	CAYGQGAQKLVF	TRAV38-1
1	CAFIWNDYKLSF	TRAV38-1
1	CAVSGAGSYQLTF	TRAV38-1
1	CALSEPYSGAGSYQLTF	TRAV19
1	CASYAGGTSYGKLTF	TRAV38-2/DV8
1	CATHTGKLIF	TRAV38-2/DV8
1	CAYGDDKIIF	TRAV38-2/DV8
1	CAYLGGADGLTF	TRAV38-2/DV8
1	CAYLVYDMRF	TRAV38-2/DV8
1	CAYYGGSQGNLIF	TRAV38-2/DV8
1	CAHNTGNQFYF	TRAV38-2/DV8
1	CARDAGNMLTF	TRAV38-2/DV8
1	CAYDDMRF	TRAV38-2/DV8
1	CAYFGGGADGLTF	TRAV38-2/DV8
1	CAYKDTASKLTF	TRAV38-2/DV8
1	CAYKPDTPLVF	TRAV38-2/DV8
1	CAYNAGNMLTF	TRAV38-2/DV8
1	CAYPGGGADGLTF	TRAV38-2/DV8
1	CAYRDDKIIF	TRAV38-2/DV8
1	CAYREGAQKLVF	TRAV38-2/DV8
1	CAYREVNDMRF	TRAV38-2/DV8
1	CAYVQDDKIIF	TRAV38-2/DV8
1	CATYSGGGADGLTF	TRAV38-2/DV8
1	CAYKDNDMRF	TRAV38-2/DV8
1	CAYNDGNQFYF	TRAV38-2/DV8
1	CAYNDMRF	TRAV38-2/DV8
