counts	beta	v_beta
1	CASSQDPFAVLNTEAFF	TRBV14
1	CASSQEQGDIQYF	TRBV14
1	CASSAWDRSSGANVLTF	TRBV14
1	CASSLEGYTEAF	TRBV14
1	CASSLFVGGPGNEQF	TRBV14
1	CASTGTSGALYNEQF	TRBV14
1	CASSQSPGGIQYF	TRBV14
1	CASSGSGAGSTDTQYF	TRBV14
1	CASSVASGRAHEQYF	TRBV9
1	CASSAGSGSGYNEQFF	TRBV9
1	CASSVEGTSGRSYNEQFF	TRBV9
1	CASSVGLPYEQYF	TRBV9
1	CASSGTNSPLHF	TRBV9
1	CASSFHGYEQFF	TRBV9
1	CASSDPGGSWDNEQFF	TRBV9
1	CASSGLGGAGTGELFF	TRBV9
1	CASSVATAFGGEKLFF	TRBV9
1	CASSLLGGAGTGELFF	TRBV9
1	CASSVFGGVAGELFF	TRBV9
1	CASSYSWTGSNYGYTF	TRBV6-3
1	CASSPGLASPYSYNEQFF	TRBV6-3
1	CASSLAPGATNEKLF	TRBV6-3
1	CATSRDLAEVNTEAFF	TRBV15
1	CATGRGGKIGEQYF	TRBV15
1	CATGRGGMIGEQYF	TRBV15
1	CATSRPTVGSRLRDGYTF	TRBV15
1	CATSDLKVHSGNYGYTF	TRBV15
1	CATSGADRVFIHGGELFF	TRBV15
1	CSATDVTKGQLISGYTF	TRBV20-1
1	CSARDRNTQGPETQYF	TRBV20-1
1	CSARDGLAGHYEQYF	TRBV20-1
1	CSARDGLTGHYEQYF	TRBV20-1
1	CSAPPAGEYSNQPQHF	TRBV20-1
1	CSARDPSGLAGGLAETQYF	TRBV20-1
1	CSAFSGAAFVTDTQYF	TRBV20-1
1	CSAREEGTQAWETQYF	TRBV20-1
1	CSAFDREGVDGYTF	TRBV20-1
1	CSAKVEGYEQYF	TRBV20-1
1	CSAPPDSLNTEAFF	TRBV20-1
1	CSARAEGARDSPLHF	TRBV20-1
1	CSARDVPGTTLGGELFF	TRBV20-1
1	CSARRTGSTYNEQFF	TRBV20-1
1	CSARVMVGGTEAFF	TRBV20-1
1	CSARYGSTCEQYF	TRBV20-1
1	CSATTESNQPQHF	TRBV20-1
1	CSARGQDIYEQYF	TRBV20-1
1	CSTTNLEYRPSTDTQYF	TRBV20-1
1	CSARAASRGQGAQITYEQYF	TRBV20-1
1	CSARDNLRANYGYTF	TRBV20-1
1	CSARDLRASVQQETQYF	TRBV20-1
1	CSARVELAADPQPFYNEQFF	TRBV20-1
1	CSADLRGDTQYF	TRBV20-1
1	CSARDGSVVRGFDSPLHF	TRBV20-1
1	CASSQTQLWETQYF	TRBV7-2
1	CASSFLQGNQPQHF	TRBV7-2
1	CASSLTGTTYGGYTF	TRBV7-2
1	CASSLLAVGTGGNTEAFF	TRBV7-2
1	CASRAGGTGELFF	TRBV7-2
1	CASTGTSGALYNEQFF	TRBV10-1
1	CASSAWDRSSGANVLTF	TRBV10-1
1	CASSPVTGGIYGYTF	TRBV6-5
1	CASSAQTGASYGYTF	TRBV6-5
1	CASSPSTGVTFYGYTF	TRBV6-5
1	CASSWKTGTGGTGYTF	TRBV6-5
1	CASSYQTGTGVYGYTF	TRBV6-5
1	CASSKGEVTEAFF	TRBV6-5
1	CASGPGTSATDTQYF	TRBV6-5
1	CASSYVTGTGSYGYTGF	TRBV6-5
1	CASSYQTGAGGYGYTGF	TRBV6-5
1	CASSFQTGASYGYTF	TRBV6-5
1	CASSPQTGTIYGYTGF	TRBV6-5
1	CASSPVTGGIYGYTGF	TRBV6-5
1	CASSLQTGATFNYGYTF	TRBV6-5
1	CASSPVAGGAYNEQFF	TRBV6-5
1	CASSYSTGAGETQYF	TRBV6-5
1	CASSYSRSDGHLGNTIYF	TRBV6-5
1	CASSLVTGTGWGYTF	TRBV6-5
1	CASSPITGTGIYGYTF	TRBV6-5
1	CASSPQTGTIYGYTF	TRBV6-5
1	CASSYQTGTGTYGYTF	TRBV6-5
1	CASSPITGTGAYGYTF	TRBV6-5
1	CASRDTSGTAYEQYF	TRBV6-5
1	CASSPQTGVGNYGYTF	TRBV6-5
1	CASSPVTGTGHYGYTF	TRBV6-5
1	CASSQQTGTIGGYTF	TRBV6-5
1	CASSYSTGTAYGYTF	TRBV6-5
1	CASSYSTGTPGDGYTF	TRBV6-5
1	CASSYSTSNEQFF	TRBV6-5
1	CASSHAEREGLETQYF	TRBV6-5
1	CASSYVTGTGSYGHTF	TRBV6-5
1	CASGGPNYGYTF	TRBV6-5
1	CASSQDISRGQTLFGNSPLHF	TRBV4-3
1	CASSQERGGKWAYEQYF	TRBV4-3
1	CASSQLAGGTETQYF	TRBV4-3
1	CASSFQGYTEAFF	TRBV3-1
1	CAWSISDLAKNIQYF	TRBV3-1
1	CAWSVSDVANTEAFF	TRBV3-1
1	CASSQGAWPSGVDEQFF	TRBV3-1
1	CASSFIGGVDGYTF	TRBV12-4
1	CASSFAHLSYNEQFF	TRBV12-4
1	CASASANYGYTF	TRBV12-4
1	CASSSAYYGYTF	TRBV12-4
1	CASSIQALLTF	TRBV12-4
1	CATAITSTQYF	TRBV12-4
1	CASGPLLLMTNEQFF	TRBV12-4
1	CASSIVNEAFF	TRBV12-4
1	CASSVVNEAFF	TRBV12-4
1	CASSSVSGYTF	TRBV12-4
1	CASSLPPGRGYTEAFF	TRBV12-4
1	CASSSANYGYTF	TRBV12-4
1	CASSSTNGYTF	TRBV12-4
1	CASSQALPYEQYF	TRBV12-4
1	CVTGLAGGDTQYF	TRBV12-4
1	CATSSVNEQFF	TRBV12-4
1	CASSPGTAVLGYTF	TRBV12-4
1	CASSLGRGIYEQYF	TRBV5-4
1	CASSSRTSGINEQFF	TRBV5-4
1	CASSYTLASYEQYF	TRBV6-6
1	CASSRLGDGDSNQPQHF	TRBV6-6
1	CASSSETELLYYGYTF	TRBV6-6
1	CASSYWDRVSSGNTIYF	TRBV6-6
1	CASTPFAETYEQYF	TRBV6-6
1	CASSVTPSSYNEQFF	TRBV6-4
1	CASGEGGELFF	TRBV19
1	CASTLGGTGGVPQHF	TRBV19
1	CASSMNWGEPSYGYTF	TRBV19
1	CASSLVGSGGEQYF	TRBV5-1
1	CASRVPGQGMNTEAFF	TRBV5-1
1	CASSLEGYTEAFF	TRBV27
1	CASSSDPSGGGYNEQFF	TRBV27
1	CASSMTSGALYNEQFF	TRBV27
1	CASSLFVGGPGNEQFF	TRBV27
1	CASSLEGFTEAFF	TRBV27
1	CASSPTGGSPSPLHF	TRBV27
1	CASSLDRVTGELFF	TRBV27
1	CASSFTLGTGGVEQYF	TRBV27
1	CASSITLGTGGVEQYF	TRBV27
1	CASSYGQGSYEQYF	TRBV27
1	CASSLDYPGTDTQYF	TRBV27
1	CASSSPGTSGISIQYF	TRBV27
1	CASTQAGGAVTEAFF	TRBV27
1	CASSLVGGSPYNEQFF	TRBV27
1	CASSEESGRAAEQYF	TRBV6-1
1	CASSGTDSNQPQHF	TRBV6-1
1	CASSDAENTEAFF	TRBV6-1
1	CASSETSGRSPYEQYF	TRBV6-1
1	CASSETGATNYGYTGF	TRBV6-1
1	CASREDGTEAFF	TRBV6-1
1	CASSEDHTGFYEQYF	TRBV6-1
1	CASSAQTGASYGYTF	TRBV6-1
1	CASGPGTSATDTQYF	TRBV6-1
1	CASSKGEVTEAFF	TRBV6-1
1	CASSPSTGVTFYGYTF	TRBV6-1
1	CASSPGLASPYSYNEQFF	TRBV6-1
1	CASSYTLASYEQYF	TRBV6-1
1	CASSYSWTGSNYGYTF	TRBV6-1
1	CASSYQTGTGVYGYTF	TRBV6-1
1	CASSWKTGTGGTGYTF	TRBV6-1
1	CASSQGKDTQYF	TRBV4-2
1	CASSQRMGLSETQYF	TRBV4-2
1	CASSQGPGRKETQYF	TRBV4-2
1	CASSQEIEGANPSYEQYF	TRBV4-2
1	CASSQDTTNYGYTF	TRBV4-2
1	CASSDDRVRYGYTF	TRBV13
1	CASSPGQGGDEQYF	TRBV13
1	CASSYQTGAGGYGYTGF	TRBV13
1	CASSYSTGAGETQYF	TRBV13
1	CASSYVTGTGSYGYTGF	TRBV13
1	CASSPVTGGIYGYTGF	TRBV13
1	CASSPVAGGAYNEQF	TRBV13
1	CASSPQTGTIYGYTGF	TRBV13
1	CASSETGATNYGYTGF	TRBV13
1	CASSFQTGASYGYTF	TRBV13
1	CASSLQTGATFNYGYTF	TRBV13
1	CSDGQAFF	TRBV29-1
1	CSVEYRDNEQFF	TRBV29-1
1	CSVGLAGSYNEQFF	TRBV29-1
1	CSGGQGMVDGYTF	TRBV29-1
1	CSVRSGTGGVEAFF	TRBV29-1
1	CSERQENTGELFF	TRBV29-1
1	CSVGDMIYGYTF	TRBV29-1
1	CAIRDKMNTEAFF	TRBV10-3
1	CAISAGTGVRNEQYF	TRBV10-3
1	CAISESYEQYF	TRBV10-3
1	CAISEGRSSYNEQFF	TRBV10-3
1	CATEQGMHEQYF	TRBV25-1
1	CASSETGFGNQPQHF	TRBV25-1
1	CASSQTGFGNQPQHF	TRBV25-1
1	CASGLTGFMDEQYF	TRBV25-1
1	CASSATGFSGNTIYF	TRBV25-1
1	CASSLAPGTTNEKLFF	TRBV7-6
1	CASSLAPGATNEKLFF	TRBV7-6
1	CASSYFRDRVGDQPQHF	TRBV7-6
1	CASSLVLDSKDYEQYF	TRBV7-6
1	CASSFGVDNEQFF	TRBV7-6
1	CASSLEGYTEAFF	TRBV11-2
1	CASSLLLAGYNEQFF	TRBV11-2
1	CASSPPAGSYNEQFF	TRBV18
1	CASSPKLQGAWAEKLFF	TRBV18
1	CASSPWTGTLNTEAFF	TRBV18
1	CASSSSGRDYEQYF	TRBV2
1	CASSYFDEKLFF	TRBV2
1	CSAFSGAAFVTDTQYF	TRBV2
1	CASTSGARGADTQYF	TRBV2
1	CASSEAHTYEQYF	TRBV2
1	CASSQEEGPGNQPQHF	TRBV4-1
1	CASSQGLGREGASEQFF	TRBV4-1
1	CASSAGGGSYNEQFF	TRBV4-1
1	CASSDRETYEQYF	TRBV6-2
1	CASSYSSSTGELFF	TRBV6-2
1	CASSPWTGTLNTEAF	TRBV6-2
1	CASTLWSATNEKLFF	TRBV28
1	CASSGRWTAYNEQFF	TRBV28
1	CAVNGGSNYGYTF	TRBV28
1	CASSPRQSNQPQHF	TRBV28
1	CASMGGSNEQFF	TRBV28
1	CASSTPGAKLGDTGELFF	TRBV28
1	CASSFQGFTEAFF	TRBV28
1	CASSFQGYTEAFF	TRBV28
1	CASSRPLLGEAPGYTF	TRBV28
1	CASSPLGTSFHYGYTF	TRBV28
1	CASSFSGSYNEQFF	TRBV28
1	CASSPDSSYEQYF	TRBV28
1	CASRTTDLSSYNEQFF	TRBV28
1	CASSLQGYTEAFF	TRBV28
1	CASSLLRTSFYEQYF	TRBV28
1	CASSSVNEQYF	TRBV12-3
1	CASSVVERAFF	TRBV12-3
1	CASSVVTEAFF	TRBV12-3
1	CASTYGSYGYTF	TRBV12-3
1	CASRPDGRETQYF	TRBV12-3
1	CASSPGTSGRAWNNEQFF	TRBV12-3
1	CASSSVNEQFF	TRBV12-3
1	CASSTRTGQETQYF	TRBV7-9
1	CASSFPKDGSTYEQYF	TRBV7-9
1	CASSLGRDLNQPQHF	TRBV7-9
1	CASSLEYSPRPYEQYF	TRBV7-9
1	CASSLQAGNTGELFF	TRBV7-9
1	CASSPRFGQGASDTQYF	TRBV7-9
1	CASSLTTLAGVPYEQFF	TRBV7-3
1	CASSSETTSPLHF	TRBV7-3
1	CASSVDVAGGYNEQFF	TRBV7-3
1	CASSVDAGGYNEQFF	TRBV7-3
1	CASSSANYGYTF	TRBV11-1
1	CASSSAHYGYTF	TRBV11-1
1	CASSSAFYGYTF	TRBV11-1
1	CASSLAPGATNEKLFF	TRBV11-1
1	CASSFQGYTEAFF	TRBV11-1
1	CASSFLQVTEAFF	TRBV11-1
1	CAWSISDLAKNIQYF	TRBV30
1	CAWSVSDVANTEAFF	TRBV30
1	CACSLRSQGTDTQYF	TRBV30
1	CAWSSRDSMTDTQYF	TRBV30
1	CAWSSRGQMTDTQYF	TRBV30
1	CAWSVSDLAKNIQYF	TRBV30
1	CAWSVADTQYF	TRBV30
1	CAWSISDSSRVEAFF	TRBV30
1	CATSDLKVHSGNYGYTF	TRBV24-1
1	CATSDRTSATEAFF	TRBV24-1
1	CATSEDIYQPQHF	TRBV24-1
1	CASSRRDATRFAETQYF	TRBV11-3
1	CASGLTGFMDEQYF	TRBV12-5
1	CASSFPKDGSTYEQYF	TRBV7-1
1	CASSTRTGQETQYF	TRBV7-1
1	CASSELGGAGTGELF	TRBV1
